CREATE TABLE CRAM_SCHOOL (
CRAM_ID CHAR(10) NOT NULL,
CRAM_NAME VARCHAR(20),
CRAM_PHONE VARCHAR(20),
CRAM_ADDRESS VARCHAR(100),
PRIMARY KEY (CRAM_ID));

CREATE TABLE STUDENT (
  STU_ID      CHAR(6)  NOT NULL,
  STU_FNAME    VARCHAR(20) NULL,
  STU_LNAME    VARCHAR(25) NOT NULL,
  STU_PHONE    VARCHAR(25) NOT NULL,
  STU_SCHOOL    VARCHAR(20) NULL,
  STU_GRADE    NUMERIC(5)         NOT NULL,
  STU_ADDRESS    VARCHAR(100) NOT NULL,
  CRAM_ID       CHAR(10),
  PRIMARY KEY (STU_ID),
  FOREIGN KEY (CRAM_ID) REFERENCES CRAM_SCHOOL ON UPDATE CASCADE ON DELETE CASCADE);

CREATE TABLE TUTION_HIST (
  STU_ID      CHAR(6)  NOT NULL,
  TUI_YEAR   NUMERIC(4) NULL,
  TUI_MONTH   NUMERIC(2) NULL,
  TUI_FEE   NUMERIC(10) NULL,
FOREIGN KEY (STU_ID) REFERENCES STUDENT ON UPDATE CASCADE ON DELETE CASCADE

);

CREATE TABLE PARENTS (
  STU_ID      CHAR(6)  NOT NULL,
  PAR_FNAME    VARCHAR(20) NULL,
  PAR_LNAME    VARCHAR(25) NOT NULL,
  PAR_PHONE    VARCHAR(25) NOT NULL,
  PAR_WORK    VARCHAR(20) NULL,
   PRIMARY KEY (STU_ID),
FOREIGN KEY (STU_ID) REFERENCES STUDENT ON UPDATE CASCADE ON DELETE CASCADE
);
CREATE TABLE TEACHER (
  TEAC_ID      CHAR(6)  NOT NULL,
  TEAC_FNAME    VARCHAR(20) NULL,
  TEAC_LNAME    VARCHAR(25) NOT NULL,
  TEAC_PHONE    VARCHAR(25) NOT NULL,
  TEAC_EMAIL    VARCHAR(50) NULL,
  CRAM_ID       CHAR(10),
   PRIMARY KEY (TEAC_ID),
FOREIGN KEY (CRAM_ID) REFERENCES CRAM_SCHOOL ON UPDATE CASCADE ON DELETE CASCADE
);

CREATE TABLE SALARY_HIST (
  TEAC_ID      CHAR(6)  NULL,
  SALARY_START_DATE  NUMERIC(6) NOT NULL,
  SALATY_YEAR   NUMERIC(4) NULL,
  SALATY_MONTH   NUMERIC(2) NULL,
  SALATY_DUE   NUMERIC(10) NULL,
FOREIGN KEY (TEAC_ID) REFERENCES TEACHER ON UPDATE CASCADE ON DELETE CASCADE
);
CREATE TABLE COURSE (
  COU_ID      CHAR(6)  NOT NULL,
  COU_NAME    VARCHAR(20) NULL,
  COU_START_DATE    VARCHAR(10),
  COU_END_DATE     VARCHAR(10),
TEAC_ID      CHAR(6)  NOT NULL,
   PRIMARY KEY (COU_ID),
FOREIGN KEY (TEAC_ID) REFERENCES TEACHER  
);

CREATE TABLE STUDENT_SCHEDULE (
  STU_ID       CHAR(6)  NOT NULL,
  COU_ID      CHAR(6)  NOT NULL,
FOREIGN KEY (STU_ID) REFERENCES STUDENT,
FOREIGN KEY (COU_ID) REFERENCES COURSE );

CREATE TABLE CLASS(
  COU_ID      CHAR(6)  NOT NULL,
  CLASS_NUM   NUMERIC(4) NULL,
  CLASS_DAY   VARCHAR(4) NULL,
  CLASS_START_TIME  VARCHAR(5) NULL,
  CLASS_END_TIME     VARCHAR(5) NULL,
FOREIGN KEY (COU_ID) REFERENCES COURSE );


INSERT INTO CRAM_SCHOOL VALUES (1100274338, 'Panda', '0900235698','No. 138, Tao 47 Township Road, Zhongli District, Taoyuan City'  );


INSERT INTO STUDENT VALUES (220101,'Tina','Wang','0947318957','YESHES',5,'No. 168, Yuansheng 2nd Street, Zhongli District, Taoyuan City',1100274338);
INSERT INTO STUDENT VALUES (220102,'Vivian','Li','0937794350','YESHES',3,'No. 21, Lane 527, Chengzhang 2nd Street, Zhongli District, Taoyuan City',1100274338);
INSERT INTO STUDENT VALUES (220103,'Vivi','Sun','0932866825','YESHES',3,'No. 299, Wenhua Road, Zhongli District, Taoyuan City',1100274338);
INSERT INTO STUDENT VALUES (220104,'Alex','Wu','0978378536','YESHES',5,'No. 16, Lane 49, Wencheng South Street, Zhongli District, Taoyuan City',1100274338);
INSERT INTO STUDENT VALUES (220105,'Babs','Feng','0973345785','YESHES',4,'No. 3, Lane 539, Chengzhang 2nd Street, Zhongli District, Taoyuan City',1100274338);
INSERT INTO STUDENT VALUES (220201,'Gimmy','Shen','0986455853','YESHES',4,'No. 44, Lane 378, Wenhua Road, Zhongli District, Taoyuan City',1100274338);
INSERT INTO STUDENT VALUES (220202,'Chris','Yang','0986747686','YESHES',3,'No. 45, Wencheng South Street, Zhongli District, Taoyuan City',1100274338);
INSERT INTO STUDENT VALUES (220203,'Emma','Chu','0957078847','NLIJH',7,'No. 15, Wencheng South Street, Zhongli District, Taoyuan City',1100274338);
INSERT INTO STUDENT VALUES (220205,'Josephine','Fan','0986964667','NLIJH',7,'No. 12, Lane 107, Fuhua Street, Zhongli District, Taoyuan City',1100274338);
INSERT INTO STUDENT VALUES (220206,'Andy','Fang','0938940849','NLIJH',8,'No. 69, Ziqiang 4th Road, Zhongli District, Taoyuan City',1100274338);
INSERT INTO STUDENT VALUES (220301,'Jackie','Liu','0989792879','NLIJH',8,'No. 23, Lane 186, Fuhua Street, Zhongli District, Taoyuan City',1100274338);
INSERT INTO STUDENT VALUES (220302,'Ian','Tu','0929080947','NLIJH',8,'No. 5, Fuhua 9th Street, Zhongli District, Taoyuan City',1100274338);
INSERT INTO STUDENT VALUES (220303,'Julia','Hus','0948789278','NLIJH',9,'No. 50, Fuhua 9th Street, Zhongli District, Taoyuan City',1100274338);
INSERT INTO STUDENT VALUES (220304,'Anerew','Li','0939864797','NLIJH',8,'No. 256, Fuhua Street, Zhongli District, Taoyuan City',1100274338);
INSERT INTO STUDENT VALUES (220305,'Vincent','Yang','0926846876','NLIJH',8,'No. 86, Fuhua 3rd Street, Zhongli District, Taoyuan City',1100274338);
INSERT INTO STUDENT VALUES (220401,'Ariel','Liu','0924983093','YESHES',6,'No. 59, Fuhua Street, Zhongli District, Taoyuan City',1100274338);
INSERT INTO STUDENT VALUES (220402,'Mary','Xuan','0997554874','YESHES',6,'No. 40, Fuhua Street, Zhongli District, Taoyuan City',1100274338);
INSERT INTO STUDENT VALUES (220501,'Catrina','Lo','0927875433','YESHES',4,'No. 24, Fuhua Street, Zhongli District, Taoyuan City',1100274338);
INSERT INTO STUDENT VALUES (220502,'Ruby','Wu','0985738562','YESHES',6,'5th Floor, No. 3, Alley 30, Lane 644, Section 1, Zhonghua Road, Zhongli District, Taoyuan City',1100274338);
INSERT INTO STUDENT VALUES (220503,'Ann','Sun','0994678543','NLIJH',8,'No. 2, Lane 644, Section 1, Zhonghua Road, Zhongli District, Taoyuan City',1100274338);
INSERT INTO STUDENT VALUES (220504,'Sherry','Tu','0973254365','NLIJH',9,'No. 47, Fuhua 3rd Street, Zhongli District, Taoyuan City',1100274338);


INSERT INTO PARENTS VALUES (220101,'Kiki','Wang','0936975667','teacher');
INSERT INTO PARENTS VALUES (220102,'Ben','Li','0958092499','taxi driver');
INSERT INTO PARENTS VALUES (220103,'David','Sun','0985783934','baker');
INSERT INTO PARENTS VALUES (220104,'Gary','Wu','0947293564','hairdresser');
INSERT INTO PARENTS VALUES (220105,'Alex','Feng','0939872484','chef');
INSERT INTO PARENTS VALUES (220201,'Lee','Shen','0934590839','dentist');
INSERT INTO PARENTS VALUES (220202,'Mark','Yang','0958023598','doctor');
INSERT INTO PARENTS VALUES (220203,'Vivi','Chu','0937784798','engineer');
INSERT INTO PARENTS VALUES (220205,'Alma','Fan','09398574823','lawyer');
INSERT INTO PARENTS VALUES (220206,'Andrea','Fang','0910110332','nurse');
INSERT INTO PARENTS VALUES (220301,'Ashley','Liu','0938420399','postman');
INSERT INTO PARENTS VALUES (220302,'Bella','Tu','0919805907','secretary');
INSERT INTO PARENTS VALUES (220303,'Windy','Hus','0912125130','engineer');
INSERT INTO PARENTS VALUES (220304,'Ben','Li','0958092499','taxi driver');
INSERT INTO PARENTS VALUES (220305,'Mark','Yang','0958023598','doctor');
INSERT INTO PARENTS VALUES (220401,'Dora','Liu','0905339002','police officer');
INSERT INTO PARENTS VALUES (220402,'Elva','Xuan','0987677061','engineer');
INSERT INTO PARENTS VALUES (220501,'Cindy','Lo','0977247399','legislator');
INSERT INTO PARENTS VALUES (220502,'Honey','Wu','0931903300','fireman');
INSERT INTO PARENTS VALUES (220503,'Ann','Sun','0965648628','engineer');
INSERT INTO PARENTS VALUES (220504,'Andy','Tu','0905783614','teacher');



INSERT INTO TEACHER VALUES (202210,'Emily','Liu','0933369186','Emily0707@gmail.com',1100274338);
INSERT INTO TEACHER VALUES (202111,'May','Fan','0975994668','fannn@gmail.com',1100274338);
INSERT INTO TEACHER VALUES (202201,'Mignon','Hu','0912346795','mignon@gmail.com',1100274338);
INSERT INTO TEACHER VALUES (202101,'Nancy','Hung','0966555723','hung0228@gmail.com',1100274338);
INSERT INTO TEACHER VALUES (202115,'Aaron','Wu','0928056982','aaron1015@yahoo.com.tw',1100274338);
INSERT INTO TEACHER VALUES (202213,'Boyd','Tu','0919474334','boyd@gmail.com',1100274338);
INSERT INTO TEACHER VALUES (202120,'Leo','Lin','0921523292','leolin@gmail.com',1100274338);
INSERT INTO TEACHER VALUES (202205,'William','Li','0919708850','lili@gmail.com',1100274338);



INSERT INTO SALARY_HIST VALUES (202111,202108,2021,08,9600);
INSERT INTO SALARY_HIST VALUES (202111,202108,2021,09,9600);
INSERT INTO SALARY_HIST VALUES (202111,202108,2021,10,9600);
INSERT INTO SALARY_HIST VALUES (202111,202108,2021,11,10600);
INSERT INTO SALARY_HIST VALUES (202111,202108,2021,12,10600);
INSERT INTO SALARY_HIST VALUES (202111,202108,2022,01,10600);
INSERT INTO SALARY_HIST VALUES (202111,202108,2022,02,9800);
INSERT INTO SALARY_HIST VALUES (202111,202108,2022,03,9800);
INSERT INTO SALARY_HIST VALUES (202111,202108,2022,04,10600);
INSERT INTO SALARY_HIST VALUES (202111,202108,2022,05,10600);

INSERT INTO SALARY_HIST VALUES (202201,202202,2022,02,8600);
INSERT INTO SALARY_HIST VALUES (202201,202202,2022,03,8600);
INSERT INTO SALARY_HIST VALUES (202201,202202,2022,04,10800);
INSERT INTO SALARY_HIST VALUES (202201,202202,2022,05,10800);

INSERT INTO SALARY_HIST VALUES (202101,202101,2021,01,5600);
INSERT INTO SALARY_HIST VALUES (202101,202101,2021,02,5600);
INSERT INTO SALARY_HIST VALUES (202101,202101,2021,03,5600);
INSERT INTO SALARY_HIST VALUES (202101,202101,2021,04,7800);
INSERT INTO SALARY_HIST VALUES (202101,202101,2021,05,7800);
INSERT INTO SALARY_HIST VALUES (202101,202101,2021,06,12000);
INSERT INTO SALARY_HIST VALUES (202101,202101,2021,07,1200);
INSERT INTO SALARY_HIST VALUES (202101,202101,2021,08,12600);
INSERT INTO SALARY_HIST VALUES (202101,202101,2021,09,12600);
INSERT INTO SALARY_HIST VALUES (202101,202101,2021,10,12600);
INSERT INTO SALARY_HIST VALUES (202101,202101,2021,11,12600);
INSERT INTO SALARY_HIST VALUES (202101,202101,2021,12,12600);
INSERT INTO SALARY_HIST VALUES (202101,202101,2022,01,12600);
INSERT INTO SALARY_HIST VALUES (202101,202101,2022,02,10600);
INSERT INTO SALARY_HIST VALUES (202101,202101,2022,03,10600);
INSERT INTO SALARY_HIST VALUES (202101,202101,2022,04,10600);
INSERT INTO SALARY_HIST VALUES (202101,202101,2022,05,10600);

INSERT INTO SALARY_HIST VALUES (202115,202110,2021,10,7800);
INSERT INTO SALARY_HIST VALUES (202115,202110,2021,11,7800);
INSERT INTO SALARY_HIST VALUES (202115,202110,2021,12,7800);
INSERT INTO SALARY_HIST VALUES (202115,202110,2022,01,7800);
INSERT INTO SALARY_HIST VALUES (202115,202110,2022,02,8600);
INSERT INTO SALARY_HIST VALUES (202115,202110,2022,03,8600);
INSERT INTO SALARY_HIST VALUES (202115,202110,2022,04,8600);
INSERT INTO SALARY_HIST VALUES (202115,202110,2022,05,8600);

INSERT INTO SALARY_HIST VALUES (202213,202203,2022,03,4700);
INSERT INTO SALARY_HIST VALUES (202213,202203,2022,04,4700);
INSERT INTO SALARY_HIST VALUES (202213,202203,2022,05,4700);

INSERT INTO SALARY_HIST VALUES (202120,202112,2021,12,12600);
INSERT INTO SALARY_HIST VALUES (202120,202112,2022,01,12600);
INSERT INTO SALARY_HIST VALUES (202120,202112,2022,02,12600);
INSERT INTO SALARY_HIST VALUES (202120,202112,2022,03,15600);
INSERT INTO SALARY_HIST VALUES (202120,202112,2022,04,15600);
INSERT INTO SALARY_HIST VALUES (202120,202112,2022,05,15600);

INSERT INTO SALARY_HIST VALUES (202210,202201,2022,01,10800);
INSERT INTO SALARY_HIST VALUES (202210,202201,2022,02,10800);
INSERT INTO SALARY_HIST VALUES (202210,202201,2022,03,10800);
INSERT INTO SALARY_HIST VALUES (202210,202201,2022,04,10800);
INSERT INTO SALARY_HIST VALUES (202210,202201,2022,05,10800);

INSERT INTO SALARY_HIST VALUES (202205,202201,2022,01,9600);
INSERT INTO SALARY_HIST VALUES (202205,202201,2022,02,9600);
INSERT INTO SALARY_HIST VALUES (202205,202201,2022,03,10800);
INSERT INTO SALARY_HIST VALUES (202205,202201,2022,04,10800);
INSERT INTO SALARY_HIST VALUES (202205,202201,2022,05,10800);

INSERT INTO COURSE VALUES (220203,'Math4','02/01/2022','06/31/2022',202205);
INSERT INTO COURSE VALUES(220207,'Math7','02/01/2022','06/31/2022',202205);
INSERT INTO COURSE VALUES(220204,'Math5','02/01/2022','06/31/2022',202205);

INSERT INTO COURSE VALUES (220201,'English3','02/01/2022','06/31/2022',202210);
INSERT INTO COURSE VALUES (220202,'English7','02/01/2022','06/31/2022',202210);
INSERT INTO COURSE VALUES (220205,'English8','02/01/2022','06/31/2022',202210);

INSERT INTO COURSE VALUES (211205,'Chinese4','12/01/2021','01/31/2022',202120);
INSERT INTO COURSE VALUES (211203,'Chinese9','12/01/2021','05/20/2022',202120);
INSERT INTO COURSE VALUES (220209,'Chinese3','02/01/2022','06/31/2022',202120);
INSERT INTO COURSE VALUES (220211,'Chinese4','02/01/2022','06/31/2022',202120);
INSERT INTO COURSE VALUES (220210,'Chinese7','02/01/2022','06/31/2022',202120);
INSERT INTO COURSE VALUES (220206,'Chinese8','02/01/2022','06/31/2022',202120);

INSERT INTO COURSE VALUES (220304,'Math8','03/01/2022','06/31/2022',202213);

INSERT INTO COURSE VALUES (211002,'English4','10/01/2021','01/31/2022',202115);
INSERT INTO COURSE VALUES (211003,'English9','10/01/2021','05/20/2022',202115);
INSERT INTO COURSE VALUES (220213,'English4','02/01/2022','06/31/2022',202115);
INSERT INTO COURSE VALUES (220214,'English7','02/01/2022','06/31/2022',202115);

INSERT INTO COURSE VALUES (210103,'Math3','01/01/2021','06/31/2021',202101);
INSERT INTO COURSE VALUES (210105,'Math4','01/01/2021','06/31/2021',202101);
INSERT INTO COURSE VALUES (210107,'Math7','01/01/2021','06/31/2021',202101);
INSERT INTO COURSE VALUES (210703,'Math6','07/01/2021','08/31/2021',202101);
INSERT INTO COURSE VALUES (210706,'Math9','07/01/2021','08/31/2021',202101);
INSERT INTO COURSE VALUES (210901,'Math6','09/01/2021','01/31/2022',202101);
INSERT INTO COURSE VALUES (210903,'Math5','09/01/2021','01/31/2022',202101);
INSERT INTO COURSE VALUES (210904,'Math9','09/01/2021','01/31/2022',202101);
INSERT INTO COURSE VALUES (220220,'Math6','02/01/2022','05/31/2022',202101);
INSERT INTO COURSE VALUES (220218,'Math8','02/01/2022','06/31/2022',202101);
INSERT INTO COURSE VALUES (220223,'Math3','02/01/2022','06/31/2022',202101);

INSERT INTO COURSE VALUES (220215,'English5','02/01/2022','06/31/2022',202201);
INSERT INTO COURSE VALUES (220216,'English8','02/01/2022','06/31/2022',202201);

INSERT INTO COURSE VALUES (210801,'Chinese7','08/01/2021','01/31/2022',202111);
INSERT INTO COURSE VALUES (210802,'Chinese3','08/01/2021','01/31/2022',202111);
INSERT INTO COURSE VALUES (210803,'Chinese9','08/01/2021','01/31/2022',202111);
INSERT INTO COURSE VALUES (220221,'Chinese9','02/01/2022','05/20/2022',202111);
INSERT INTO COURSE VALUES (220222,'Chinese5','02/01/2022','06/31/2022',202111);
INSERT INTO COURSE VALUES (220224,'Chinese6','02/01/2022','06/31/2022',202111);
INSERT INTO COURSE  VALUES (220233,'Chinese3','02/01/2022','06/31/2022',202111);

INSERT INTO TUTION_HIST VALUES (220101,2022,01,4000);
INSERT INTO TUTION_HIST VALUES (220101,2022,02,8000);
INSERT INTO TUTION_HIST VALUES (220101,2022,03,8000);
INSERT INTO TUTION_HIST VALUES (220101,2022,04,8000);
INSERT INTO TUTION_HIST VALUES (220101,2022,05,8000);
INSERT INTO TUTION_HIST VALUES (220101,2022,06,8000);
INSERT INTO TUTION_HIST VALUES (220102,2022,01,8000);
INSERT INTO TUTION_HIST VALUES (220102,2022,02,8000);
INSERT INTO TUTION_HIST VALUES (220102,2022,03,8000);
INSERT INTO TUTION_HIST VALUES (220102,2022,04,8000);
INSERT INTO TUTION_HIST VALUES (220102,2022,05,8000);
INSERT INTO TUTION_HIST VALUES (220102,2022,06,8000);

INSERT INTO TUTION_HIST VALUES (220103,2022,01,8000);
INSERT INTO TUTION_HIST VALUES (220103,2022,02,8000);
INSERT INTO TUTION_HIST VALUES (220103,2022,03,8000);
INSERT INTO TUTION_HIST VALUES (220103,2022,04,8000);
INSERT INTO TUTION_HIST VALUES (220103,2022,05,8000);
INSERT INTO TUTION_HIST VALUES (220103,2022,06,8000);

INSERT INTO TUTION_HIST VALUES (220104,2022,01,4000);
INSERT INTO TUTION_HIST VALUES (220104,2022,02,8000);
INSERT INTO TUTION_HIST VALUES (220104,2022,03,8000);
INSERT INTO TUTION_HIST VALUES (220104,2022,04,8000);
INSERT INTO TUTION_HIST VALUES (220104,2022,05,8000);
INSERT INTO TUTION_HIST VALUES (220104,2022,06,8000);

INSERT INTO TUTION_HIST VALUES (220105,2022,01,8000);
INSERT INTO TUTION_HIST VALUES (220105,2022,02,8000);
INSERT INTO TUTION_HIST VALUES (220105,2022,03,8000);
INSERT INTO TUTION_HIST VALUES (220105,2022,04,8000);
INSERT INTO TUTION_HIST VALUES (220105,2022,05,8000);
INSERT INTO TUTION_HIST VALUES (220105,2022,06,8000);

INSERT INTO TUTION_HIST VALUES (220201,2022,02,8000);
INSERT INTO TUTION_HIST VALUES (220201,2022,03,8000);
INSERT INTO TUTION_HIST VALUES (220201,2022,04,8000);
INSERT INTO TUTION_HIST VALUES (220201,2022,05,8000);
INSERT INTO TUTION_HIST VALUES (220201,2022,06,8000);

INSERT INTO TUTION_HIST VALUES (220202,2022,02,8000);
INSERT INTO TUTION_HIST VALUES (220202,2022,03,8000);
INSERT INTO TUTION_HIST VALUES (220202,2022,04,8000);
INSERT INTO TUTION_HIST VALUES (220202,2022,05,8000);
INSERT INTO TUTION_HIST VALUES (220202,2022,06,8000);

INSERT INTO TUTION_HIST VALUES (220203,2022,02,9000);
INSERT INTO TUTION_HIST VALUES (220203,2022,03,9000);
INSERT INTO TUTION_HIST VALUES (220203,2022,04,9000);
INSERT INTO TUTION_HIST VALUES (220203,2022,05,9000);
INSERT INTO TUTION_HIST VALUES (220203,2022,06,9000);

INSERT INTO TUTION_HIST VALUES (220205,2022,02,9000);
INSERT INTO TUTION_HIST VALUES (220205,2022,03,9000);
INSERT INTO TUTION_HIST VALUES (220205,2022,04,9000);
INSERT INTO TUTION_HIST VALUES (220205,2022,05,9000);
INSERT INTO TUTION_HIST VALUES (220205,2022,06,9000);

INSERT INTO TUTION_HIST VALUES (220206,2022,02,9000);
INSERT INTO TUTION_HIST VALUES (220206,2022,03,9000);
INSERT INTO TUTION_HIST VALUES (220206,2022,04,9000);
INSERT INTO TUTION_HIST VALUES (220206,2022,05,9000);
INSERT INTO TUTION_HIST VALUES (220206,2022,06,9000);

INSERT INTO TUTION_HIST VALUES (220301,2022,03,9000);
INSERT INTO TUTION_HIST VALUES (220301,2022,04,9000);
INSERT INTO TUTION_HIST VALUES (220301,2022,05,9000);
INSERT INTO TUTION_HIST VALUES (220301,2022,06,9000);

INSERT INTO TUTION_HIST VALUES (220302,2022,03,13500);
INSERT INTO TUTION_HIST VALUES (220302,2022,04,13500);
INSERT INTO TUTION_HIST VALUES (220302,2022,05,13500);
INSERT INTO TUTION_HIST VALUES (220302,2022,06,13500);

INSERT INTO TUTION_HIST VALUES (220303,2022,03,4500);
INSERT INTO TUTION_HIST VALUES (220303,2022,04,4500);
INSERT INTO TUTION_HIST VALUES (220303,2022,05,4500);
INSERT INTO TUTION_HIST VALUES (220303,2022,06,4500);

INSERT INTO TUTION_HIST VALUES (220304,2022,03,9000);
INSERT INTO TUTION_HIST VALUES (220304,2022,04,9000);
INSERT INTO TUTION_HIST VALUES (220304,2022,05,9000);
INSERT INTO TUTION_HIST VALUES (220304,2022,06,9000);

INSERT INTO TUTION_HIST VALUES (220305,2022,03,13500);
INSERT INTO TUTION_HIST VALUES (220305,2022,04,13500);
INSERT INTO TUTION_HIST VALUES (220305,2022,05,13500);
INSERT INTO TUTION_HIST VALUES (220305,2022,06,13500);

INSERT INTO TUTION_HIST VALUES (220401,2022,04,8000);
INSERT INTO TUTION_HIST VALUES (220401,2022,05,8000);
INSERT INTO TUTION_HIST VALUES (220401,2022,06,8000);

INSERT INTO TUTION_HIST VALUES (220402,2022,04,8000);
INSERT INTO TUTION_HIST VALUES (220402,2022,05,8000);
INSERT INTO TUTION_HIST VALUES (220402,2022,06,8000);

INSERT INTO TUTION_HIST VALUES (220501,2022,05,12000);
INSERT INTO TUTION_HIST VALUES (220501,2022,06,12000);

INSERT INTO TUTION_HIST VALUES (220502,2022,05,4000);
INSERT INTO TUTION_HIST VALUES (220502,2022,06,4000);

INSERT INTO TUTION_HIST VALUES (220503,2022,05,9000);
INSERT INTO TUTION_HIST VALUES (220503,2022,06,9000);

INSERT INTO STUDENT_SCHEDULE VALUES (220101,210901);
INSERT INTO STUDENT_SCHEDULE VALUES (220101,220222);
INSERT INTO STUDENT_SCHEDULE VALUES (220101,220215);
INSERT INTO STUDENT_SCHEDULE VALUES (220102,210802);
INSERT INTO STUDENT_SCHEDULE VALUES (220102,210103);
INSERT INTO STUDENT_SCHEDULE VALUES (220102,220201);
INSERT INTO STUDENT_SCHEDULE VALUES (220102,220223);
INSERT INTO STUDENT_SCHEDULE VALUES (220103,210802);
INSERT INTO STUDENT_SCHEDULE VALUES (220103,210103);
INSERT INTO STUDENT_SCHEDULE VALUES (220103,220223);
INSERT INTO STUDENT_SCHEDULE VALUES (220103,220233);
INSERT INTO STUDENT_SCHEDULE VALUES (220104,210901);
INSERT INTO STUDENT_SCHEDULE VALUES (220104,220215);
INSERT INTO STUDENT_SCHEDULE VALUES (220104,220222);
INSERT INTO STUDENT_SCHEDULE VALUES (220105,210105);
INSERT INTO STUDENT_SCHEDULE VALUES (220105,211002);
INSERT INTO STUDENT_SCHEDULE VALUES (220105,220203);
INSERT INTO STUDENT_SCHEDULE VALUES (220105,220211);
INSERT INTO STUDENT_SCHEDULE VALUES (220201,220213);
INSERT INTO STUDENT_SCHEDULE VALUES (220201,220211);
INSERT INTO STUDENT_SCHEDULE VALUES (220202,220223);
INSERT INTO STUDENT_SCHEDULE VALUES (220202,220201);
INSERT INTO STUDENT_SCHEDULE VALUES (220203,220207);
INSERT INTO STUDENT_SCHEDULE VALUES (220203,220210);
INSERT INTO STUDENT_SCHEDULE VALUES (220205,220207);
INSERT INTO STUDENT_SCHEDULE VALUES (220205,220202);
INSERT INTO STUDENT_SCHEDULE VALUES (220206,220205);
INSERT INTO STUDENT_SCHEDULE VALUES (220206,220304);
INSERT INTO STUDENT_SCHEDULE VALUES (220301,220218);
INSERT INTO STUDENT_SCHEDULE VALUES (220301,220216);
INSERT INTO STUDENT_SCHEDULE VALUES (220302,220206);
INSERT INTO STUDENT_SCHEDULE VALUES (220302,220205);
INSERT INTO STUDENT_SCHEDULE VALUES (220302,220204);
INSERT INTO STUDENT_SCHEDULE VALUES (220303,220221);
INSERT INTO STUDENT_SCHEDULE VALUES (220303,211003);
INSERT INTO STUDENT_SCHEDULE VALUES (220304,220205);
INSERT INTO STUDENT_SCHEDULE VALUES (220304,220218);
INSERT INTO STUDENT_SCHEDULE VALUES (220305,220204);
INSERT INTO STUDENT_SCHEDULE VALUES (220305,220216);
INSERT INTO STUDENT_SCHEDULE VALUES (220305,220206);
INSERT INTO STUDENT_SCHEDULE VALUES (220401,220220);
INSERT INTO STUDENT_SCHEDULE VALUES (220401,220224);
INSERT INTO STUDENT_SCHEDULE VALUES (220402,220220);
INSERT INTO STUDENT_SCHEDULE VALUES (220402,220224);
INSERT INTO STUDENT_SCHEDULE VALUES (220501,220214);
INSERT INTO STUDENT_SCHEDULE VALUES (220501,220222);
INSERT INTO STUDENT_SCHEDULE VALUES (220501,220222);
INSERT INTO STUDENT_SCHEDULE VALUES (220502,220220);
INSERT INTO STUDENT_SCHEDULE VALUES (220503,220206);
INSERT INTO STUDENT_SCHEDULE VALUES (220503,220204);


INSERT INTO CLASS VALUES (210103,1001,'Mon','17:00','18:30');
INSERT INTO CLASS VALUES (210103,1001,'Thur','17:00','18:30');
INSERT INTO CLASS VALUES (210105,1002,'Mon','17:00','18:30');
INSERT INTO CLASS VALUES (210105,1002,'Thur','17:00','18:30');
INSERT INTO CLASS VALUES (210107,2001,'Tues','18:30','20:00');
INSERT INTO CLASS VALUES (210107,2001,'Fri','18:30','20:00');

INSERT INTO CLASS VALUES (210703,1001,'Mon','13:30','15:00');
INSERT INTO CLASS VALUES (210703,1001,'Thur','13:30','15:00');
INSERT INTO CLASS VALUES (210706,2001,'Mon','15:00','17:30');
INSERT INTO CLASS VALUES (210706,2001,'Thur','15:00','17:30');
INSERT INTO CLASS VALUES (210901,1001,'Tues','17:00','18:30');
INSERT INTO CLASS VALUES (210901,1001,'Fri','17:00','18:30');
INSERT INTO CLASS VALUES (210903,1002,'Mon','17:00','18:30');
INSERT INTO CLASS VALUES (210903,1002,'Thur','17:00','18:30');
INSERT INTO CLASS VALUES (210904,2002,'Mon','17:00','18:30');
INSERT INTO CLASS VALUES (210904,2002,'Thur','17:00','18:30');
INSERT INTO CLASS VALUES (211002,1002,'Tues','18:30','20:00');
INSERT INTO CLASS VALUES (211002,1002,'Fri','18:30','20:00');
INSERT INTO CLASS VALUES (211205,1001,'Mon','17:00','19:00');

INSERT INTO CLASS VALUES (220206,2001,'Wed','17:00','19:00');
INSERT INTO CLASS VALUES (220218,2002,'Mon','20:00','21:30');
INSERT INTO CLASS VALUES (220218,2002,'Thur','20:00','21:30');
INSERT INTO CLASS VALUES (220304,2002,'Tues','20:00','21:30');
INSERT INTO CLASS VALUES (220304,2002,'Fri','20:00','21:30');
INSERT INTO CLASS VALUES (220205,2001,'Tues','18:30','20:00');
INSERT INTO CLASS VALUES (220205,2001,'Fri','18:30','20:00');
INSERT INTO CLASS VALUES (220216,2002,'Mon','18:30','20:00');
INSERT INTO CLASS VALUES (220216,2002,'Thur','18:30','20:00');

INSERT INTO CLASS VALUES (220215,1003,'Mon','17:00','18:30');
INSERT INTO CLASS VALUES (220215,1003,'Thur','17:00','18:30');

INSERT INTO CLASS VALUES (220223,1002,'Mon','17:00','18:30');
INSERT INTO CLASS VALUES (220223,1002,'Thur','17:00','18:30');
INSERT INTO CLASS VALUES (220220,1002,'Mon','18:30','20:00');
INSERT INTO CLASS VALUES (220220,1002,'Thur','18:30','20:00');
INSERT INTO CLASS VALUES (220207,2003,'Mon','18:30','20:00');
INSERT INTO CLASS VALUES (220207,2003,'Thur','18:30','20:00');
INSERT INTO CLASS VALUES (220209,2003,'Wed','19:00','21:00');
INSERT INTO CLASS VALUES (220201,1001,'Tues','17:00','18:30');
INSERT INTO CLASS VALUES (220201,1001,'Fri','17:00','18:30');
INSERT INTO CLASS VALUES (220202,2001,'Tues','20:00','21:30');
INSERT INTO CLASS VALUES (220202,2001,'Fri','20:00','21:30');
INSERT INTO CLASS VALUES (220222,1003,'Wed','19:00','21:00');
INSERT INTO CLASS VALUES (220209,1003,'Mon','19:00','21:00');
INSERT INTO CLASS VALUES (220233,1003,'Wed','17:00','19:00');
INSERT INTO CLASS VALUES (220203,1001,'Mon','17:00','18:30');
INSERT INTO CLASS VALUES (220203,1001,'Thur','17:00','18:30');
INSERT INTO CLASS VALUES (220213,1002,'Tues','17:00','18:30');
INSERT INTO CLASS VALUES (220213,1002,'Fri','17:00','18:30');

INSERT INTO CLASS VALUES (211003,2003,'Wed','17:00','19:00');
INSERT INTO CLASS VALUES (211003,2003,'Sat','10:00','12:00');
INSERT INTO CLASS VALUES (211203,2003,'Fri','19:00','21:00');

INSERT INTO CLASS VALUES (220211,1001,'Sat','10:00','12:00');
INSERT INTO CLASS VALUES (220221,2001,'Sun','10:00','12:00');
INSERT INTO CLASS VALUES (220224,1001,'Sat','10:00','12:00');

SELECT STU_FNAME,SUM(TUI_FEE) AS TUITION
FROM STUDENT JOIN TUTION_HIST ON STUDENT.STU_ID=TUTION_HIST.STU_ID
WHERE TUI_YEAR=2022 AND TUI_MONTH>3
GROUP BY STU_FNAME
ORDER BY TUITION

SELECT STU_FNAME,COURSE.COU_ID,COU_NAME,CLASS_DAY,CLASS_START_TIME,CLASS_END_TIME,TEAC_FNAME
FROM STUDENT JOIN STUDENT_SCHEDULE ON STUDENT.STU_ID=STUDENT_SCHEDULE.STU_ID
     JOIN COURSE ON STUDENT_SCHEDULE.COU_ID=COURSE.COU_ID
	 JOIN CLASS ON COURSE.COU_ID=CLASS.COU_ID 
	 JOIN TEACHER ON COURSE.TEAC_ID=TEACHER.TEAC_ID
WHERE STU_FNAME='Emma'

SELECT COURSE.COU_ID,COU_NAME,CLASS_DAY,CLASS_START_TIME,CLASS_END_TIME,TEAC_FNAME
FROM COURSE JOIN TEACHER ON COURSE.TEAC_ID=TEACHER.TEAC_ID
     JOIN CLASS ON COURSE.COU_ID=CLASS.COU_ID
WHERE COU_NAME LIKE '%8'

SELECT TEAC_FNAME,SALATY_YEAR,SALATY_MONTH,SALATY_DUE,COUNT (COU_ID)AS TOTALCOU,TEAC_EMAIL
FROM TEACHER JOIN SALARY_HIST ON TEACHER.TEAC_ID=SALARY_HIST.TEAC_ID
JOIN COURSE ON TEACHER.TEAC_ID=COURSE.TEAC_ID
WHERE SALATY_YEAR=2022 AND SALATY_MONTH=5 AND COU_ID >220200
GROUP BY TEACHER.TEAC_FNAME,SALARY_HIST.SALATY_YEAR,SALATY_MONTH,SALATY_DUE,TEAC_EMAIL
ORDER BY TEAC_FNAME

SELECT CLASS_DAY,COURSE.COU_ID,COU_NAME,CLASS_NUM,CLASS_START_TIME,CLASS_END_TIME,TEAC_FNAME,STU_FNAME 
FROM CLASS JOIN COURSE ON CLASS.COU_ID=COURSE.COU_ID
     JOIN STUDENT_SCHEDULE ON COURSE.COU_ID=STUDENT_SCHEDULE.COU_ID
	 JOIN STUDENT ON STUDENT_SCHEDULE.STU_ID=STUDENT.STU_ID
	 JOIN TEACHER ON COURSE.TEAC_ID=TEACHER.TEAC_ID
WHERE CLASS_DAY='Mon' AND COURSE.COU_ID LIKE '2202%' 
ORDER BY COU_NAME

SELECT CRAM_ID,CRAM_NAME,(SELECT COUNT(TEAC_ID) FROM TEACHER) AS NUMTEACHER, (SELECT COUNT(STU_ID) FROM STUDENT) AS NUMSTUDENT
FROM CRAM_SCHOOL

SELECT STU_GRADE,(SELECT AVG(TUI_FEE) FROM TUTION_HIST WHERE  TUI_YEAR=2022 AND TUI_MONTH BETWEEN 2 AND 6) AS AVGFEE,
AVG(TUI_FEE) AS GRADEAVGFEE,AVG(TUI_FEE)-(SELECT AVG(TUI_FEE) FROM TUTION_HIST WHERE  TUI_YEAR=2022 AND TUI_MONTH BETWEEN 2 AND 6) AS DIFF
FROM STUDENT JOIN TUTION_HIST ON STUDENT.STU_ID=TUTION_HIST.STU_ID
WHERE  TUI_YEAR=2022 AND TUI_MONTH BETWEEN 2 AND 6
GROUP BY STU_GRADE

SELECT TEAC_FNAME,COURSE.COU_ID,COU_NAME,STU_FNAME
FROM TEACHER JOIN COURSE ON TEACHER.TEAC_ID=COURSE.TEAC_ID
    JOIN STUDENT_SCHEDULE ON COURSE.COU_ID=STUDENT_SCHEDULE.COU_ID
	JOIN STUDENT ON STUDENT_SCHEDULE.STU_ID=STUDENT.STU_ID
WHERE TEACHER.TEAC_ID=202201


SELECT STU_FNAME,STU_LNAME,STU_SCHOOL,STU_GRADE,STU_ADDRESS,PAR_FNAME,PAR_LNAME,PAR_PHONE
FROM STUDENT JOIN PARENTS ON STUDENT.STU_ID=PARENTS.STU_ID
ORDER BY STU_SCHOOL DESC ,STU_GRADE

SELECT  AVG(EXPENSE) AS AVGEXPENSE, AVG(REVENUE) AS AVGREVENUE
FROM (SELECT SUM(SALATY_DUE) AS EXPENSE FROM SALARY_HIST WHERE SALATY_YEAR=2022 GROUP BY SALATY_YEAR,SALATY_MONTH) AS ABC,
    (SELECT SUM(TUI_FEE) AS REVENUE FROM TUTION_HIST WHERE TUI_YEAR=2022 GROUP BY TUI_YEAR,TUI_MONTH) AS DEF







